name,jurisdiction,jurisdictionType,entityType,status,birthyear,zipcode
SHARKSVILLE CORP. N.V.,NETHERLANDS ANTILLES,world,FORP,I,1981,33156
"SPIN INVESTMENTS OF MIAMI, INC.",NETHERLANDS ANTILLES,world,FORP,I,1979,33129
CROWN AGENTS SERVICES LIMITED INCORPORATED,UNITED KINGDOM,world,FORP,I,1988,33134
"GENERAL TRADING & SERVICES, INC.",PERU,world,FORP,I,1988,33131
ABAMAR HOUSING AND DEVELOPMENT INC.,VIRGIN ISLANDS,world,FORP,I,1992,33173
"ANTILLES INVESTMENT CORPORATION, INC.",DOMINICAN REPUBLIC,world,AGENT,A,1988,33134
SIGBERTVEST N.V. COMPANY,LIECHTENSTEIN,world,FORP,I,1979,33146
INTERNATIONAL MOTORS CORP.,CANADA,world,FORP,I,1982,33166
"SELCAST S.A., INC.",PANAMA,world,FORP,I,1986,33131
"VENEZUELAN CONTAINER LINE, C.A. INC.",VENEZUELA,world,FORP,I,1990,33126
541896 ONTARIO LIMITED,CANADA,world,AGENT,A,1990,33134
NATWEST INTERNATIONAL TRUST CORPORATION (CAYMAN) LIMITED,CAYMAN ISLANDS,world,FORP,I,1990,33131
"COMERCIAL SAUSALITO, S.A.",PANAMA,world,AGENT,A,1993,33131
"GABY, INC.",CZECH REPUBLIC,world,DOMP,I,1994,33131
"MCM ARBORS, INC.",CANADA,world,DOMP,I,1994,33133
"ISS ACTION, INC.",JAMAICA,world,FORP,I,1996,33180
SR-SOUZA RAMOS CORPORATION,BRITISH VIRGIN ISLANDS,world,FORP,I,1998,33134
"GLOBAL DELIVERY SYSTEMS, L.L.C.",JAMAICA,world,FORL,I,1999,33156
"PHOENIX ASSEMBLIES, LLC",DOMINICAN REPUBLIC,world,FLAL,I,2001,33131
ONIX CAMBIOS S.A.,PARAGUAY,world,FORP,I,2003,33131
"TALAFONE USA, LLC",CANADA,world,FLAL,I,2003,33034
"TALAFONE COMMUNICATION, LLC",CANADA,world,FLAL,I,2003,33034
"SACBE INTERNATIONAL LTD., INC.",BRITISH VIRGIN ISLANDS,world,FORP,I,2003,33180
"GRANDPA, LLC",ARGENTINA,world,FLAL,I,2004,33149
"AJAS INVESTMENTS, LLC",MEXICO,world,FLAL,A,2005,33134
"ICF INTERNATIONAL, LLC",SINGAPORE,world,FLAL,I,2006,33131
"ABUTUA, LLC",MEXICO,world,FLAL,I,2007,33126
"ARCANUM CAPITAL MANAGEMENT, LLC",SINGAPORE,world,FLAL,A,2007,33139
TELELOGIC INTERNATIONAL LLC,ECUADOR,world,FLAL,I,2008,33012
"JHR LOGISTICS SUPPLY, LLC",SPAIN,world,FLAL,A,2008,33146
"FOREIGN INVESTMENT CAPITAL, LLC",SPAIN,world,FLAL,A,2008,33146
"FALK REALESTATE, LLC",GERMANY,world,FORL,A,2009,33156
"TAVOPT INVESTMENTS, LLC",VENEZUELA,world,FLAL,I,2009,33131
"TECHMEDICAL, LLC",COLOMBIA,world,FLAL,I,2009,33146
"SANIBEL SUN & FUN, INC.",CANADA,world,DOMP,I,1987,33154
"MEDIA ENTERPRISES, INC.",NETHERLANDS ANTILLES,world,FORP,I,1971,33130
"BAYONNE INVESTMENTS, N.V.",NETHERLANDS ANTILLES,world,FORP,I,1986,33156
EASTERN PORTS CUSTOMS LTD. CORPORATION,JAMAICA,world,FORP,I,1990,33166
"SURGIKOS, INC.",CANADA,world,FORP,I,1979,33132
MISSION ENTERPRISES LTD. CORPORATION,CANADA,world,FORP,I,1990,33131
SIMCOVEST N.V. INC.,NETHERLANDS ANTILLES,world,FORP,I,1979,33132
CAN-VAM HOLDINGS INC.,CANADA,world,AGENT,A,1990,33134
PROWTING PROJECTS LIMITED,UNITED KINGDOM,world,AGENT,A,1986,33133
WOODCHESTER CORPORATION,BRITISH VIRGIN ISLANDS,world,AGENT,A,1992,33135
"WINTERGREEN INVESTMENTS LIMITED, INC.",BARBADOS,world,FORP,I,1993,33131
"G.S.I. SATIN CARGO SYSTEMS, INC.",JAMAICA,world,FORP,I,1993,33172
"NIHON RESORTS, INC.",BRITISH VIRGIN ISLANDS,world,AGENT,A,1994,33146
"SASHA & SASHA, INC.",CANADA,world,DOMP,I,1994,33131
BIOKEY IDENTIFICATION INC.,CANADA,world,DOMP,I,1996,33134
"PARBO KENDALL INVESTMENTS, INC.",CAYMAN ISLANDS,world,AGENT,A,1996,33131
"VALEX SECURITY, INC.",JAMAICA,world,FORP,A,1996,33132
BLUE BIRD LTD,CAYMAN ISLANDS,world,AGENT,A,1998,33131
PORT AIR CARGO INTERNATIONAL CORP.,JAMAICA,world,FORP,A,1999,33126
RAGOSA SPRINGS INTERNATIONAL LTD.,BRITISH VIRGIN ISLANDS,world,AGENT,A,1999,33134
"AUROBINDO PHARMA LTD., INC.",INDIA,world,FORP,I,2000,33172
"MAGNET WORLD, INC.",REUNION,world,DOMP,A,2000,33180
VESSELNET LLC,GREECE,world,FLAL,I,2002,33180
"GREEN PATH HOLDINGS, L.L.C.",ISRAEL,world,FLAL,A,2002,33146
ELMA EXPRESS CORP.,PANAMA,world,AGENT,A,2003,33131
FACTORING & CONSULTING GROUP INC,COLOMBIA,world,DOMP,I,2003,33133
ALTO INVEST LTD. INC.,BRITISH VIRGIN ISLANDS,world,FORP,I,2003,33133
"GRANDPO, LLC",ARGENTINA,world,FLAL,I,2004,33149
"DE LAND INVERSIONES, INC.",VENEZUELA,world,FORP,I,2004,33133
"CAMPINAS TRADING PARTNERS, LLC",BRAZIL,world,FLAL,I,2004,33131
"HPC INTERNATIONAL, INC.",CZECH REPUBLIC,world,DOMP,I,2005,33134
LAKESHORE MARKETING INC.,POLAND,world,DOMP,I,2005,33139
LF FREIGHT (USA) LLC,JAMAICA,world,FORL,A,2005,33156
"URBAN 4, LLC",PANAMA,world,FLAL,I,2005,33160
"INTERNATIONAL ASSETS, LLC",MEXICO,world,FLAL,A,2007,33134
"HI-POINT INTERNATIONAL, LLC",MEXICO,world,FLAL,I,2007,33126
"HEKAL PROPERTY INVESTMENTS, LLC",MEXICO,world,FLAL,I,2007,33126
"LARCOM FINANCIAL, INC.",BRITISH VIRGIN ISLANDS,world,AGENT,A,2007,33134
MORAYS MANAGEMENT LTD.,BRITISH VIRGIN ISLANDS,world,AGENT,A,2008,33134
"AIR MERCHANDISING, LLC",SPAIN,world,FLAL,A,2008,33146
"VOXTIN ADMINISTRATION, LLC",BRITISH VIRGIN ISLANDS,world,FLAL,I,2008,33131
"INVERSIONES JOCKEY, S.A. CORPORATION",COSTA RICA,world,FORP,I,2009,33156
MIAMILONIA LLC,JAMAICA,world,FLAL,I,2009,33126
"LEPUY, L.P.",MEXICO,world,FORLP,A,2010,33156
BROADMAP LLC,LEBANON,world,FORL,A,2010,33139
"INVERSIONES AURI S.A., INC.",PANAMA,world,FORP,A,2011,33131
"ATQOL MEDICAL, LLC",AUSTRALIA,world,FLAL,A,2011,33131
DAVENPORT FINANCIAL INVESTORS INC.,DOMINICAN REPUBLIC,world,FORP,A,2011,33140
"ANALOUIS, INC.",NETHERLANDS ANTILLES,world,FORP,I,1984,33176
CITADEL TRADING COMPANY,HONG KONG,world,FORP,I,1979,33142
"TETRA INVESTMENTS, N.V.",NETHERLANDS ANTILLES,world,FORP,I,1986,33156
INTERAMERICAN FREIGHT CORP. N.V.,NETHERLANDS ANTILLES,world,FORP,I,1979,33130
INVERKEY N.V.,NETHERLANDS ANTILLES,world,FORP,I,1986,33131
BECORO CORPORATION N.V.,NETHERLANDS ANTILLES,world,FORP,I,1988,33131
"CORPAN DEL SUR, S.A.",COSTA RICA,world,AGENT,A,1992,33165
"PARCS CORPORATION, N.V.",NETHERLANDS ANTILLES,world,FORP,I,1985,33137
"HAINA INVESTMENTS CORPORATION, N.V.",NETHERLANDS ANTILLES,world,FORP,I,1979,33135
"BANCO HISPANO AMERICANO, INC.",SPAIN,world,FORP,I,1989,33131
S-M RIDE CORPORATION,CANADA,world,DOMP,I,1979,33134
PEGASUS (N.Y.) INC.,JAMAICA,world,FORP,I,1984,33142
"AURO AMERICAN INVESTMENTS CORPORATION, N.V.",NETHERLANDS ANTILLES,world,FORP,I,1979,33131
KITTSON ENTERPRISES S.A. COMPANY,BRITISH VIRGIN ISLANDS,world,FORP,I,1993,33131
"KEY ENGINEERING OF DADE COUNTY, INC.",BRITISH VIRGIN ISLANDS,world,FORP,I,1993,33134
PERFORMANCE INVESTMENTS COMPANY LIMITED,JAMAICA,world,FORP,I,1993,33169
399833 ONTARIO LIMITED,CANADA,world,AGENT,A,1993,33146
BEAM CORPORATION,BRITISH VIRGIN ISLANDS,world,AGENT,A,1993,33133
DOMINO INTERVEST CORP.,BRITISH VIRGIN ISLANDS,world,AGENT,A,1996,33131
"LEISURE TIME, INC.",HONG KONG,world,FORP,I,1996,33139
KELLAND HOLDING S.A.,BRITISH VIRGIN ISLANDS,world,AGENT,A,1997,33131
THE ABBOT GROUP CORP.,CANADA,world,DOMP,I,1998,33156
"PALE MOON U.S.A., INC.",COSTA RICA,world,DOMP,I,1999,33145
NO MORE INC.,BRITISH VIRGIN ISLANDS,world,AGENT,A,1999,33134
THE BALMER STUDIOS INC.,CANADA,world,FORP,I,2000,33131
"RODRIQUEZ USA, L.L.C.",ITALY,world,FLAL,I,2001,33126
"IKAT PRODUCTIONS, INC",CANADA,world,DOMP,I,2003,33138
JURNAL REALTY L.L.C.,SINGAPORE,world,FLAL,A,2005,33126
"SUZANNE DELEHANTY, LLC",CANADA,world,FLAL,I,2005,33131
"THE GAIADON HEART, L.L.C.",INDIA,world,FLAL,I,2005,33160
"FOREST AVENUE UNIT 161, INC.",BRITISH VIRGIN ISLANDS,world,AGENT,A,2006,33134
"GRUPO MODEANI, LLC",MEXICO,world,FLAL,I,2007,33126
"GUAIP INTERNATIONAL, LLC",GUATEMALA,world,FLAL,A,2007,33126
"DAJE COMPANY, LLC",MEXICO,world,FLAL,I,2007,33126
PROSAP INTERNATIONAL CORP.,MEXICO,world,DOMP,A,2007,33134
"LITTLETON INVESTMENTS, LLC",DOMINICAN REPUBLIC,world,FLAL,A,2008,33134
LACANJA LLC,MEXICO,world,FLAL,A,2009,33139
"CARKAM HOLDINGS, LLC",CAYMAN ISLANDS,world,FLAL,I,2010,33134
SEBLUE LTD.,BRITISH VIRGIN ISLANDS,world,AGENT,A,2010,33131
ONSETREADY INC.,REUNION,world,DOMP,A,2012,33145
DEPEE FINANCIAL GROUP N.V.,NETHERLANDS ANTILLES,world,FORP,I,1984,33131
THE BEST OF EUROPE INC.,NETHERLANDS ANTILLES,world,FORP,I,1984,33131
TULCAN COMPANY N.V.,NETHERLANDS ANTILLES,world,FORP,I,1977,33130
KETRAS AMERICAN TRANSPORT LTD. INC.,JAMAICA,world,FORP,I,1991,33172
PORT HOLDENS (U.S.) INC.,CANADA,world,DOMP,I,1977,33134
AISNE INVESMENTS N.V.,NETHERLANDS ANTILLES,world,AGENT,A,1985,33131
WESTMORE PROPERTIES N.V.,NETHERLANDS ANTILLES,world,FORP,I,1988,33131
BERNNATH HOLDINGS LIMITED,CANADA,world,AGENT,A,1984,33145
HARD-WAREHOUSE INC.,BRITISH VIRGIN ISLANDS,world,FORP,I,1991,33130
"SHERFAM INDUSTRIES, INC.",CANADA,world,FORP,I,1990,33016
ESTON N.V. CORP.,NETHERLANDS ANTILLES,world,AGENT,A,1990,33131
BRUBETT COMPANY LIMITED,BRITISH VIRGIN ISLANDS,world,FORP,I,1980,33131
"DRYAD INVESTMENTS, S.A., INCORPORATED",PANAMA,world,FORP,I,1989,33133
AMERICAN BUS SALES CORPORATION,GUATEMALA,world,DOMP,I,1990,33134
DKL (GP) INC.,CANADA,world,DOMP,I,1990,33130
H.W. ST. JOHN & COMPANY,JAMAICA,world,FORP,I,1981,33166
"UNITED CHILD WATCH, INC.",CANADA,world,DOMP,I,1993,33176
"NORSELAND HOLDINGS, INC.",BRITISH VIRGIN ISLANDS,world,AGENT,A,1994,33131
MOTTO N.V.,NETHERLANDS ANTILLES,world,AGENT,A,1995,33134
GALAXY CUSTOM HOUSE BROKERS INC.,JAMAICA,world,FORP,I,1995,33131
"INSTITUTE OF SPANISH STUDIES, INC.",SPAIN,world,DOMP,A,1998,33180
ENTERPRISE WORLD COMMUNICATION INC.,BRAZIL,world,DOMP,I,1998,33178
DATADEVICE INC. SA,ARGENTINA,world,FORP,I,1999,33172
"ABRAHAM PROPERTIES, LLC",BRITISH VIRGIN ISLANDS,world,FLAL,A,1999,33149
GARY PROPERTY LTD,CAYMAN ISLANDS,world,AGENT,A,2000,33131
STAR HOLDING ENTERPRISES LTD. CO.,BRITISH VIRGIN ISLANDS,world,FORP,I,2000,33131
"MAMAN FINE ART, LLC",ARGENTINA,world,FLAL,I,2002,33131
INTERNATIONAL FINANCIAL TRUST GROUP INC,COLOMBIA,world,DOMP,I,2003,33133
LAVANTI OVERSEAS CORP.,BRITISH VIRGIN ISLANDS,world,AGENT,A,2004,33131
"MACCAR INTERNATIONAL, INC.",BRITISH VIRGIN ISLANDS,world,AGENT,A,2004,33131
LATIN INDUSTRIES INC.,MEXICO,world,FORP,I,2004,33180
FLORIDA HAVENS LLC,UNITED KINGDOM,world,FLAL,I,2005,33131
JUMA CORPORATION,SPAIN,world,DOMP,I,2005,33134
"INTERNATIONAL INVESTMENT, LLC",MEXICO,world,FLAL,I,2007,33134
"INTERTRAFFIC INTERNATIONAL, LLC",MEXICO,world,FLAL,A,2007,33134
"KAVA PROPERTIES, LLC",MEXICO,world,FLAL,I,2007,33126
"TAZKMA US INVESTMENTS, LLC",MEXICO,world,FLAL,I,2007,33126
VANITEX LLC,PANAMA,world,FLAL,I,2008,33145
WOOHULL CORP.,BRITISH VIRGIN ISLANDS,world,FORP,I,2009,33134
"PANAVEN INVESTMENTS, LLC",VENEZUELA,world,FLAL,A,2009,33146
VILLA DE PLAYA LLC,LEBANON,world,FLAL,A,2009,33137
"MZ CAPITAL HOLDINGS, LLC",SINGAPORE,world,FLAL,A,2009,33139
"JHR HARDWARE STORE, LLC",SPAIN,world,FLAL,A,2011,33146
AGROPECUARIA LA LIMIA C.A. INC,VENEZUELA,world,FORP,A,2011,33130
EDYDASA S.A.,COSTA RICA,world,AGENT,A,1984,33126
"DARIMON HOLDINGS, INC.",CAYMAN ISLANDS,world,AGENT,A,1991,33131
"COMPOSITITE, INC.",LEBANON,world,FORP,I,1992,33134
BONHILL INVESTMENT S.A.,PANAMA,world,AGENT,A,1985,33131
PERIELI CORPORATION N.V.,NETHERLANDS ANTILLES,world,FORP,I,1986,33126
"HOOPER BAY LIMITED, INC.",BRITISH VIRGIN ISLANDS,world,FORP,I,1977,33156
"BELL REALTY, INC.",CANADA,world,DOMP,I,1984,33154
"PREMIER CASA DE SOFTWARE, S.A. DE C.V.",MEXICO,world,FORP,I,1994,33155
"SAINT GREGORY INVESTMENTS, INC.",PANAMA,world,AGENT,A,1995,33134
ULTIMATE MEDIA EXPRESS INC.,JAMAICA,world,FORP,I,1998,33172
NEW FOREST VENTURES S.A.,BRITISH VIRGIN ISLANDS,world,AGENT,A,1998,33131
"SUN-RICH OF MISSOURI, INC.",PERU,world,FORP,I,1998,33146
ROLLS WOOD GROUP (REPAIR & OVERHAULS) LIMITED INC.,UNITED KINGDOM,world,FORP,I,1999,33014
"GLADSTONE'S FLORIST & NURSERY, INC.",PERU,world,DOMP,I,2000,33181
HELICOPTEROS DEL CARIBE C.A.,VENEZUELA,world,FORP,I,2000,33166
DOLLAHITE ASSETS LIMITED,BRITISH VIRGIN ISLANDS,world,AGENT,A,2000,33132
"ASPEN LEAF INVESTMENTS, INC.",BRITISH VIRGIN ISLANDS,world,AGENT,A,2001,33131
WEXEL ASSOCIATES INC.,PANAMA,world,FORP,I,2001,33134
"MIRAYA HOLDINGS, LTD.",BRITISH VIRGIN ISLANDS,world,AGENT,A,2002,33131
OBJETUM4U INC.,COLOMBIA,world,DOMP,I,2003,33173
OCEAN RESEARCH CORP.,MARSHALL ISLANDS,world,AGENT,A,2004,33158
TOWEBS USA CORP,ARGENTINA,world,DOMP,A,2004,33184
"THINKRENTALS.COM, INC.",JAMAICA,world,DOMP,I,2004,33145
KINGDOM FIRST MINISTRIES INTERNATIONAL INC.,BELIZE,world,FORNP,A,2004,33030
DIRECT SUPPORT TRANSPORTATION LLC,BOLIVIA,world,FLAL,I,2004,33130
SERVICE&SUPPORT CONSULTING NORBERT JACOBSEN LLC,SINGAPORE,world,FLAL,I,2005,33139
"TAFL, INC.",GERMANY,world,DOMP,I,2005,33134
"INSPIRATION YACHT CHARTERS, INC.",MARSHALL ISLANDS,world,FORP,I,2006,33134
"NATUSCH INTERNATIONAL, INC.",GERMANY,world,DOMP,A,2006,33131
"NIFLA PROPERTIES, LLC",MEXICO,world,FLAL,I,2007,33126
"HEALTH SYSTEMS USA, INC.",CANADA,world,FORP,I,2009,33131
TALENTO ARTE LLC,MEXICO,world,FLAL,A,2009,33134
"1507 SEASIDE CIRCLE, LLC",REUNION,world,FLAL,I,2010,33145
BRIGHT LIGHT INVESTMENTS (USA) LLC,AUSTRALIA,world,FORL,A,2011,33134
EVERGREEN ENERGY CORPORATION,LEBANON,world,DOMP,I,1989,33130
BIOVITA PHARMACEUTICAL CORPORATION,ANTIGUA AND BARBUDA,world,FORP,I,1984,33126
BRITISH CARIBBEAN AIRWAYS LTD. INC.,BRITISH VIRGIN ISLANDS,world,FORP,I,1986,33166
DUNHAM CORPORATION N.V.,NETHERLANDS ANTILLES,world,AGENT,A,1989,33131
"BAL HARBOUR HOLDINGS, S.A.",CAYMAN ISLANDS,world,AGENT,A,1991,33131
"GUARIONEX INVESTMENTS, INC.",PANAMA,world,FORP,I,1984,33154
"DEL HOLDINGS OF AMERICA, INC.",CANADA,world,DOMP,I,1973,33131
"INNOVATIVE ADMINISTRATORS, INC.",JAMAICA,world,FORP,I,1977,33132
RENAISSANCE EASTERN HOLDINGS CORP.,LITHUANIA,world,DOMP,I,1990,33156
C.E.D.S. EDITIONS S.A.R.L. (INC.),FRANCE,world,FORP,I,1984,33154
852984 ONTARIO INC.,CANADA,world,FORP,I,1991,33131
SUNDOWN LTD.,BRITISH VIRGIN ISLANDS,world,AGENT,A,1988,33131
"EMPRESS ENTERPRISES, INC.",CANADA,world,DOMP,I,1991,33162
JOHNSON & JOHNSON OF NEW JERSEY INCORPORATED,CANADA,world,FORP,I,1976,33132
451680 ONTARIO LIMITED,CANADA,world,AGENT,A,1991,33154
SELLMATIC OY CORPORATION,FINLAND,world,FORP,I,1989,33133
"MAREAR IMPORT EXPORT AND REP, S.A., CORP.",PANAMA,world,FORP,I,1990,33196
"4037 INTERNATIONAL, INC.",VENEZUELA,world,DOMP,I,1994,33172
GRAND PAVILION INC.,CAYMAN ISLANDS,world,FORP,I,1996,33137
"SERVICIOS AEREOS INTERNACIONALES USA, INC.",ARGENTINA,world,DOMP,I,1997,33177
"ASESORIAS INTERNACIONALES, S.A.",ECUADOR,world,FORP,I,1998,33134
"INVERSIONES 4011, LTD.",BRITISH VIRGIN ISLANDS,world,AGENT,A,1999,33131
"EVERGREEN FLORIDA HOMES, L.L.C.",LEBANON,world,FLAL,I,1999,33130
HELVETIA CONTAINER LINE INC.,JAMAICA,world,FORP,I,2000,33133
BANDOLEIRO INTERNATIONAL CORP.,BRITISH VIRGIN ISLANDS,world,AGENT,A,2000,33131
"NEWTON ENTERPRISES, INC.",BRITISH VIRGIN ISLANDS,world,AGENT,A,2002,33134
BALTER INTERNATIONAL CORPORATION,PANAMA,world,AGENT,A,2002,33166
"HALHAR DEVELOPMENT ENTERPRISE, LLC",GUATEMALA,world,FLAL,I,2002,33131
JFK OFFICE SUPERMARKET INC.,JAMAICA,world,FORP,I,2003,33122
"MOYA INVESTMENTS, INC.",SPAIN,world,DOMP,I,2004,33134
"EUROBUNGY GBR, CORP.",GERMANY,world,FORP,I,2004,33131
"WIREBA, LTD., CO.",BRITISH VIRGIN ISLANDS,world,FORP,I,2004,33149
"INCOVE, LLC",SPAIN,world,FLAL,A,2005,33146
"VIAR INTERNATIONAL, LLC",VENEZUELA,world,FLAL,A,2006,33145
"LEYNET, LLC",MEXICO,world,FLAL,I,2006,33134
"IMOB INVESTMENTS, LLC",MEXICO,world,FLAL,I,2007,33126
"MILLENIUM INVESTMENTS GROUP, LLC",BRITISH VIRGIN ISLANDS,world,FLAL,A,2007,33131
"SPECTRE CAPITAL, LLC",VENEZUELA,world,FLAL,I,2008,33146
"PATAGONIA CAPITAL, LLC",VENEZUELA,world,FLAL,I,2008,33146
ECOM MEDIA LLC,CANADA,world,FLAL,I,2009,33126
"LONG MEADOW RANCH WINERY, INC.",SAINT HELENA,world,FORP,A,2009,33140
CAPITAL CORPORATE FINANCE LLC,UNITED KINGDOM,world,FLAL,I,2009,33186
7520 EXCITEMENT LLC,REUNION,world,FLAL,I,2010,33145
"BRAZURI, LLC",CANADA,world,FLAL,A,2011,33015
KOUKI CORP.,FRANCE,world,DOMP,A,2012,33139
"OPARK LANE, N.V.",NETHERLANDS ANTILLES,world,FORP,I,1987,33131
"CORAL SPRINGS HOLDINGS, INC.",CANADA,world,DOMP,I,1990,33131
SISTEMA DE TRANSPORTES S.A.,PERU,world,FORP,I,1991,33131
"THE AVIATION GROUP, INC.",LEBANON,world,DOMP,I,1990,33156
"BOTNER FRUITS, LTD., INC.",CANADA,world,FORP,I,1991,33133
INTERAMERICAN ENGINEERING I.E. N.V.,NETHERLANDS ANTILLES,world,AGENT,A,1985,33131
HOLMEN COMPANY N.V.,NETHERLANDS ANTILLES,world,FORP,I,1984,33134
RUGUEL LIMITED,CAYMAN ISLANDS,world,FORP,I,1971,33134
"KARBRELLE HOLDINGS LTD., ONTARIO CORPORATION NO. 0710353",CANADA,world,FORP,I,1990,33126
JAROS LIMITED,BRITISH VIRGIN ISLANDS,world,AGENT,I,1985,33131
"REGISHIELD, LTD., INC.",UNITED KINGDOM,world,FORP,I,1985,33131
"ADMINISTRATION LAWAYNE, INC.",CANADA,world,AGENT,A,1994,33131
VARTEX LIMITED,BRITISH VIRGIN ISLANDS,world,AGENT,A,1995,33131
"DELTA CONSTRUCTION INTERNATIONAL, INC.",PANAMA,world,DOMP,I,1996,33162
"CINE CONCEPTO, INC.",MEXICO,world,DOMP,I,1997,33131
"HOSPI MED, INC.",PANAMA,world,FORP,I,1998,33156
"NEECE, INC.",PERU,world,FORP,I,1998,33146
NAFA ABOGADOS,ECUADOR,world,AGENT,A,1998,33184
"BARANDA LA, INC.",ARGENTINA,world,DOMP,I,1998,33134
"ZONASHOP.COM, INC.",MEXICO,world,DOMP,I,1999,33126
"SUN-RICH OF FLORIDA, INC.",PERU,world,FORP,I,2001,33146
FUTURE HEALTHCARE LIMITED LLC,IRELAND,world,FLAL,I,2002,33133
THE PELICAN FLOWER CO.,PANAMA,world,FORP,I,2002,33122
"PARADISE FREIGHT, INC.",PANAMA,world,DOMP,I,2003,33145
"TILOS INVESTMENTS, INC.",SPAIN,world,DOMP,I,2004,33134
"LEISURE INVENTIONS, CORP.",CAYMAN ISLANDS,world,FORP,I,2004,33131
CHRIS N ROOP BIG INVESTMENT LLC,JAMAICA,world,FLAL,I,2004,33141
"FINE WINE IMPORTS, INC.",PUERTO RICO,world,FORP,I,2004,33129
"GULFSHORE PROPERTY INVESTMENTS, INC.",CAYMAN ISLANDS,world,DOMP,I,2004,33134
SOUFLEE LLC,BRITISH VIRGIN ISLANDS,world,FLAL,A,2004,33129
FALCON FINANCING CO. LTD.,UNITED KINGDOM,world,FORP,I,2004,33146
"FERRARA GALLERY, LLC",DOMINICAN REPUBLIC,world,FLAL,I,2005,33131
"BAREKLO, LLC",MEXICO,world,FLAL,I,2006,33134
CLEGISA CORP.,AUSTRIA,world,DOMP,A,2006,33146
SHIPAMERICA LLC,URUGUAY,world,FLAL,I,2006,33131
"MPMILLENIUM, LLC",MEXICO,world,FLAL,I,2007,33126
"EDICIONES Y DISENOS EDICON, S.A. CORP.",PANAMA,world,FORP,A,2007,33134
"CLARE FREIGHT INT'L (U.S.A), INC.",JAMAICA,world,FORP,A,2008,33122
PIF LLC,CANADA,world,FLAL,A,2009,33154
"1280 NE 33 STREET, LLC",CANADA,world,FLAL,A,2009,33131
"821 NORTH VICTORIA PARK ROAD, LLC",CANADA,world,FLAL,A,2009,33131
FI 5044 LLC,MEXICO,world,FLAL,A,2010,33131
"SOFIJA, INC.",GUATEMALA,world,FORP,I,2010,33172
"MONGOLJIN IMPORT & EXPORT, LLC",MONGOLIA,world,FLAL,A,2011,33134
CORPORATION FOR INTERNATIONAL SERVICE AND SUPPLY,PANAMA,world,FORP,I,1990,33129
"NERBONNE, N.V.",NETHERLANDS ANTILLES,world,AGENT,A,1992,33135
"INGENIERIA EL ECTRICA PROYELEC, INC.",CHILE,world,FORP,I,1985,33143
"GRANJA COYOLITO, S.A.",COSTA RICA,world,AGENT,A,1991,33131
THE BANK OF NOVA SCOTIA CORPORATION,CANADA,world,FORP,I,1990,33131
LONGBAY TRADING INC.,BRITISH VIRGIN ISLANDS,world,FORP,I,1992,33131
ILPO AIRLINES CARGO N.V.,ARUBA,world,FORP,I,1989,33138
WESSER HOLDING COMPANY N.V.,NETHERLANDS ANTILLES,world,FORP,I,1985,33155
INVERSIONES ARISCAR C.A.,VENEZUELA,world,FORP,I,1992,33125
"INSTITUT DE RECHERCHES ET D'ETUDES TECHNIQUES ET ECONOMIQUES, S.A.",SWITZERLAND,world,AGENT,A,1986,33016
"CHOPU ENTERPRISES, INC.",PANAMA,world,FORP,I,1986,33143
"GROSS FAMILY, INC.",CANADA,world,FORP,I,1983,33131
"FANEOLA, S.A.",PANAMA,world,AGENT,A,1993,33131
"SPREENFIELD HOLDINGS, LIMITED COMPANY",BRITISH VIRGIN ISLANDS,world,FORP,I,1993,33131
"ALL SECURITY SERVICES, INC.",PUERTO RICO,world,FORP,I,1994,33177
VINA CONDE DEL MAULE S.A.,CHILE,world,FORP,I,1996,33134
"RENATO VANUZZO, INC.",ITALY,world,FORP,I,1997,33186
"BARRACUDA, INC.",LIECHTENSTEIN,world,DOMP,I,1999,33131
"SAVISA, S.A.",ECUADOR,world,AGENT,A,1999,33161
KISHCO TRADING COMPANY N.V.,NETHERLANDS ANTILLES,world,FORP,I,2000,33166
"EL CAYO INVESTMENTS, INC.",BRITISH VIRGIN ISLANDS,world,AGENT,A,2000,33131
"STICKER INTERNATIONAL, INC.",BRITISH VIRGIN ISLANDS,world,AGENT,A,2000,33131
"XWINE, INC.",GERMANY,world,FORP,I,2001,33131
BERSI HOLDING CO. LTD.,BRITISH VIRGIN ISLANDS,world,AGENT,A,2001,33131
FREEWAY PROPERTIES LLC,KAZAKHSTAN,world,FLAL,I,2001,33139
"PETCARE, LLC",HONG KONG,world,FLAL,I,2001,33181
"BRICKELL PROPERTIES, INC.",MEXICO,world,DOMP,I,2001,33134
"SAVINO DEL BENE U.S.A., INC.",JAMAICA,world,FORP,A,2003,33172
"SHIPWRECK SHOPS, LLC",NETHERLANDS ANTILLES,world,FLAL,I,2005,33131
"GLOBAL PROTECTION HOLDINGS, INC.",URUGUAY,world,FORP,I,2005,33131
"ATLANTIC REALTY GROUP, LLC",IRELAND,world,FLAL,I,2005,33146
CREDIT SUISSE AG,SWITZERLAND,world,FORP,A,2005,33134
FOREX GROUP INC,REUNION,world,DOMP,I,2007,33138
"BANCO DE AMERICA CENTRAL, S.A.",NICARAGUA,world,AGENT,A,2007,33131
"ZAHAB PROPERTY INVESTMENTS, LLC",MEXICO,world,FLAL,I,2007,33126
"ARES MARITIME, LLC",CAYMAN ISLANDS,world,FORL,I,2007,33134
"JMSTAR, INC.",CANADA,world,FORP,I,2008,33178
HATHWAY ELECTRIC LLC,URUGUAY,world,FLAL,A,2008,33131
INTER-AMERICAN TRADING CORP.,TURKS AND CAICOS ISLANDS,world,AGENT,A,2009,33131
INCORPORATED ITALSERVICES S.P.A.,ITALY,world,FORP,A,2011,33132
"AMFUELS INTL, INC.",GERMANY,world,DOMP,A,2012,33160
"REINOR, INC.",NETHERLANDS ANTILLES,world,FORP,I,1986,33131
COSMOS PUBLICIDAD S.A. CORPORATION,PERU,world,FORP,I,1989,33155
"SCOPE INVESTMENTS, INC.",CANADA,world,DOMP,I,1990,33173
"CASEDDY, S.A.",DOMINICAN REPUBLIC,world,FORP,I,1984,33129
"CASETTA LIMITED, A CORPORTION",BRITISH VIRGIN ISLANDS,world,FORP,I,1980,33131
HARKING INVESTMENTS N.V.,NETHERLANDS ANTILLES,world,FORP,I,1981,33156
COLTRACO REAL ESTATE COMPANY N.V.,NETHERLANDS ANTILLES,world,AGENT,A,1985,33134
CAPSICUM INVESTMENTS CORPORATION,LIBERIA,world,AGENT,A,1991,33143
"AERO SEA SHIPPING CO., INC.",JAMAICA,world,FORP,I,1981,33175
"SELECT AGENCIES, N.V.",NETHERLANDS ANTILLES,world,AGENT,A,1985,33131
ANTHONY NESTY FOUNDATION INCORPORATED,SURINAME,world,FORNP,I,1990,33166
JULIHANS INC.,CANADA,world,FORP,I,1979,33160
PEAT MARWICK LIMITED (CORPORATION),CANADA,world,FORP,I,1986,33131
"FINANPRO FLORIDA, INC.",COSTA RICA,world,DOMP,I,1990,33126
"B. M. WINKELMANN, S.R.L., INC.",PERU,world,FORP,I,1993,33133
"ROSTAL, S.A.",PANAMA,world,AGENT,A,1993,33131
"HL - COMPANY FOR FINANCING, INVESTMENT AND MANAGEMENT, INC.",GERMANY,world,DOMP,I,1993,33132
EDMAR INVESTMENTS N.V.,NETHERLANDS ANTILLES,world,AGENT,A,1993,33131
"TAMARI INTERNATIONAL, INC.",BRITISH VIRGIN ISLANDS,world,AGENT,A,1996,33134
MULTITUDE SPORTSWEAR PRIVATE LIMITED,SRI LANKA,world,FORLP,I,1997,33186
"SILVERCREEK HOLDINGS, INC.",BRITISH VIRGIN ISLANDS,world,AGENT,A,1999,33131
"PORT BROKERS, INC.",JAMAICA,world,FORP,A,1999,33126
PASTERNAK HOLDINGS LIMITED,BRITISH VIRGIN ISLANDS,world,AGENT,A,2000,33132
"FONDATION BAZILE, INC.",NETHERLANDS ANTILLES,world,DOMNP,I,2003,33168
"ASTERISCO COMMUNICATIONS, LLC",MEXICO,world,FLAL,I,2006,33134
"INTELISIS, LLC",MEXICO,world,FLAL,I,2007,33134
"LIAT PROPERTIES, LLC",MEXICO,world,FLAL,I,2007,33126
"SYATT PROPERTIES, LLC",MEXICO,world,FLAL,I,2007,33126
"BANRURAL EXPRESS, INC.",GUATEMALA,world,DOMP,I,2007,33131
THE PERFECTION CONNECTION GROUP L.L.C.,JAMAICA,world,FORL,I,2008,33122
"PASSERELLI PROPERTIES S.A., INC.",BRITISH VIRGIN ISLANDS,world,FORP,A,2008,33146
"SCHUYLER INVESTMENTS CAPITAL, INC.",BRITISH VIRGIN ISLANDS,world,FORP,I,2009,33134
"KOSHER PASSOVER HOLIDAYS, CORP",JAMAICA,world,DOMP,A,2010,33154
WINDWARD ISLANDS AIRWAYS INTERNATIONAL N.V. LLC,NETHERLANDS ANTILLES,world,FORL,I,2010,33134
CAYMAN CAPITAL LLC,CAYMAN ISLANDS,world,FLAL,A,2012,33179
AZTEC FINANCIAL ENTERPRISES INC.,BRITISH VIRGIN ISLANDS,world,FORP,I,1989,33166
"SANTIAGO TECHNOLOGICAL UNIVERSITY ASSOCIATION, INC.",DOMINICAN REPUBLIC,world,FORNP,I,1985,33162
MUZZO BROTHERS GROUP INC.,CANADA,world,FORP,A,1986,33134
"FRIENDLY MECHANICAL SYSTEMS, INC.",JAMAICA,world,FORP,I,1981,33138
"JUGGERNAUT PROPERTIES, N.V.",NETHERLANDS ANTILLES,world,AGENT,A,1984,33131
BARNWELL LIMITED,BRITISH VIRGIN ISLANDS,world,AGENT,A,1992,33131
SORWIND N.V. INC.,NETHERLANDS ANTILLES,world,FORP,I,1978,33134
"GAS CONSULTING, LTD.",LEBANON,world,DOMLP,I,1993,33130
PROXIMA PROPERTIES S.A.,BRITISH VIRGIN ISLANDS,world,AGENT,A,1994,33131
"DUNBAR ENTERPRISES, INC.",BRITISH VIRGIN ISLANDS,world,AGENT,A,1995,33131
"FIDAKIM, S.A.",SWITZERLAND,world,AGENT,A,1995,33134
"FORMERICA CONSOLIDATION SERVICE, INC.",JAMAICA,world,FORP,I,1996,33166
DECONDE INTERNATIONAL LTD.,BRITISH VIRGIN ISLANDS,world,AGENT,A,2000,33131
WALTER-HEILIT VERKEHRSWEGEBAU GMBH,GERMANY,world,FORP,I,2000,33156
"ALBATRANS, INC.",JAMAICA,world,FORP,A,2002,33172
UNION OVERSEAS COMPANY,EGYPT,world,FORP,I,2004,33178
PRESIDENTIAL COACHLINES LLC,CANADA,world,FLAL,I,2004,33131
ARGUELLES & COMPANY LLC,BELIZE,world,FLAL,A,2004,33014
"REUNION ISLAND, INC.",REUNION,world,DOMP,A,2006,33131
REHABILITATION CENTRE FOR PROSTITUTES AND ROOTLESS CHILDREN (PARC) CORP.,BANGLADESH,world,FORNP,I,2007,33162
"SIMA REALTY HOLDINGS, INC.",KUWAIT,world,DOMP,A,2008,33130
TALENTO CORP,MEXICO,world,DOMP,A,2009,33134
CBIN LLC,UNITED KINGDOM,world,FLAL,I,2011,33145
"NINESCA, INC",VENEZUELA,world,DOMP,A,2011,33015
"IP-MART NETWORK, INC.",VENEZUELA,world,DOMP,A,2012,33013